geo.id	geo.id2	geo.display-label	total_pop	males	females	sex_ratio	pop_quintile	pop_decile
1600000US5300100	5300100	Aberdeen city, Washington	16281	8030	8251	97.32153678342019	4	8
1600000US5300135	5300135	Aberdeen Gardens CDP, Washington	283	132	151	87.41721854304636	0	1
1600000US5300380	5300380	Addy CDP, Washington	96	66	30	220.00000000000003	0	0
1600000US5300800	5300800	Ahtanum CDP, Washington	3076	1459	1617	90.22881880024737	2	5
1600000US5300905	5300905	Airway Heights city, Washington	8017	5444	2573	211.58181111542947	3	7
1600000US5301010	5301010	Albion town, Washington	744	375	369	101.62601626016261	1	3
1600000US5301045	5301045	Alder CDP, Washington	133	57	76	75.0	0	0
1600000US5301150	5301150	Alderton CDP, Washington	3303	1708	1595	107.08463949843261	3	6
1600000US5301185	5301185	Alderwood Manor CDP, Washington	8817	4232	4585	92.3009814612868	3	7
1600000US5301255	5301255	Alger CDP, Washington	235	114	121	94.21487603305785	0	1
1600000US5301290	5301290	Algona city, Washington	3171	1625	1546	105.10996119016818	2	5
1600000US5301430	5301430	Allyn CDP, Washington	2650	1358	1292	105.10835913312692	2	5
1600000US5301500	5301500	Almira town, Washington	220	104	116	89.65517241379311	0	1
1600000US5301745	5301745	Altoona CDP, Washington	61	27	34	79.41176470588235	0	0
1600000US5301780	5301780	Amanda Park CDP, Washington	119	66	53	124.52830188679245	0	0
1600000US5301850	5301850	Amboy CDP, Washington	2027	1036	991	104.54086781029264	2	4
1600000US5301920	5301920	Ames Lake CDP, Washington	1526	815	711	114.62728551336146	2	4
1600000US5301990	5301990	Anacortes city, Washington	16425	7715	8710	88.57634902411023	4	8
1600000US5302060	5302060	Anderson Island CDP, Washington	1292	657	635	103.46456692913387	2	4
1600000US5302585	5302585	Arlington city, Washington	18884	8963	9921	90.34371535127508	4	8
1600000US5302620	5302620	Arlington Heights CDP, Washington	2826	1333	1493	89.28332217012725	2	5
1600000US5302910	5302910	Artondale CDP, Washington	12937	6465	6472	99.89184177997528	4	8
1600000US5303005	5303005	Ashford CDP, Washington	162	134	28	478.57142857142856	0	0
1600000US5303075	5303075	Asotin city, Washington	1226	589	637	92.4646781789639	2	4
1600000US5303180	5303180	Auburn city, Washington	77440	37782	39658	95.26955469262191	4	9
1600000US5303736	5303736	Bainbridge Island city, Washington	23689	11498	12191	94.31547863177754	4	9
1600000US5304100	5304100	Bangor Base CDP, Washington	6358	4349	2009	216.47585863613736	3	7
1600000US5304125	5304125	Banks Lake South CDP, Washington	270	139	131	106.10687022900764	0	1
1600000US5304195	5304195	Barberton CDP, Washington	6719	3364	3355	100.2682563338301	3	7
1600000US5304300	5304300	Baring CDP, Washington	173	100	73	136.986301369863	0	1
1600000US5304347	5304347	Barney's Junction CDP, Washington	221	107	114	93.85964912280701	0	1
1600000US5304370	5304370	Barstow CDP, Washington	119	53	66	80.3030303030303	0	0
1600000US5304405	5304405	Basin City CDP, Washington	1281	606	675	89.77777777777777	2	4
1600000US5304475	5304475	Battle Ground city, Washington	19439	9371	10068	93.07707588398888	4	8
1600000US5304615	5304615	Bay Center CDP, Washington	215	140	75	186.66666666666666	0	1
1600000US5304790	5304790	Bay View CDP, Washington	625	313	312	100.32051282051282	1	2
1600000US5304895	5304895	Beaux Arts Village town, Washington	342	189	153	123.52941176470588	0	1
1600000US5305140	5305140	Belfair CDP, Washington	4063	2091	1972	106.03448275862068	3	6
1600000US5305210	5305210	Bellevue city, Washington	139014	70503	68511	102.9075622892674	4	9
1600000US5305245	5305245	Bell Hill CDP, Washington	875	481	394	122.08121827411166	1	3
1600000US5305280	5305280	Bellingham city, Washington	85388	42366	43022	98.47519873553065	4	9
1600000US5305560	5305560	Benton City city, Washington	3257	1687	1570	107.45222929936307	3	6
1600000US5305735	5305735	Bethel CDP, Washington	3673	1920	1753	109.52652595550485	3	6
1600000US5305980	5305980	Bickleton CDP, Washington	67	26	41	63.41463414634146	0	0
1600000US5306050	5306050	Big Lake CDP, Washington	1784	839	945	88.78306878306879	2	4
1600000US5306085	5306085	Bingen city, Washington	560	249	311	80.06430868167203	1	2
1600000US5306190	5306190	Birch Bay CDP, Washington	8642	4269	4373	97.62176995197804	3	7
1600000US5306330	5306330	Black Diamond city, Washington	4378	2100	2278	92.18612818261633	3	6
1600000US5306505	5306505	Blaine city, Washington	5075	2566	2509	102.27182144280589	3	6
1600000US5306855	5306855	Blyn CDP, Washington	22	13	9	144.44444444444443	0	0
1600000US5307170	5307170	Bonney Lake city, Washington	19560	9672	9888	97.81553398058253	4	8
1600000US5307380	5307380	Bothell city, Washington	44082	21762	22320	97.5	4	9
1600000US5307390	5307390	Bothell East CDP, Washington	10424	5314	5110	103.9921722113503	4	8
1600000US5307395	5307395	Bothell West CDP, Washington	20472	9886	10586	93.38749291517098	4	8
1600000US5307397	5307397	Boulevard Park CDP, Washington	3916	1960	1956	100.20449897750512	3	6
1600000US5307485	5307485	Boyds CDP, Washington	76	45	31	145.16129032258064	0	0
1600000US5307590	5307590	Brady CDP, Washington	360	188	172	109.30232558139534	0	1
1600000US5307695	5307695	Bremerton city, Washington	39584	20884	18700	111.67914438502673	4	9
1600000US5307835	5307835	Brewster city, Washington	2460	1115	1345	82.8996282527881	2	5
1600000US5307870	5307870	Bridgeport city, Washington	2493	1352	1141	118.49255039439089	2	5
1600000US5307940	5307940	Brier city, Washington	6697	3361	3336	100.74940047961631	3	7
1600000US5308080	5308080	Brinnon CDP, Washington	703	367	336	109.22619047619047	1	3
1600000US5308325	5308325	Browns Point CDP, Washington	1122	552	570	96.84210526315789	1	3
1600000US5308465	5308465	Brush Prairie CDP, Washington	2783	1316	1467	89.70688479890934	2	5
1600000US5308500	5308500	Bryant CDP, Washington	1990	1043	947	110.13727560718056	2	4
1600000US5308552	5308552	Bryn Mawr-Skyway CDP, Washington	18365	8474	9891	85.67384490951369	4	8
1600000US5308570	5308570	Buckley city, Washington	4593	2229	2364	94.28934010152284	3	6
1600000US5308605	5308605	Bucoda town, Washington	588	264	324	81.48148148148148	1	2
1600000US5308640	5308640	Buena CDP, Washington	1345	719	626	114.8562300319489	2	4
1600000US5308770	5308770	Bunk Foss CDP, Washington	3604	1806	1798	100.44493882091213	3	6
1600000US5308780	5308780	Burbank CDP, Washington	3398	1839	1559	117.96023091725465	3	6
1600000US5308850	5308850	Burien city, Washington	50729	26115	24614	106.09815552124806	4	9
1600000US5308885	5308885	Burley CDP, Washington	1941	981	960	102.18750000000001	2	4
1600000US5308920	5308920	Burlington city, Washington	8590	4073	4517	90.17046712419747	3	7
1600000US5309365	5309365	Camano CDP, Washington	15989	8146	7843	103.86331760805814	4	8
1600000US5309480	5309480	Camas city, Washington	22086	10904	11182	97.51386156322661	4	9
1600000US5309810	5309810	Canterwood CDP, Washington	3220	1519	1701	89.30041152263375	3	6
1600000US5309820	5309820	Canyon Creek CDP, Washington	3319	1704	1615	105.51083591331269	3	6
1600000US5309970	5309970	Carbonado town, Washington	666	367	299	122.74247491638796	1	2
1600000US5310075	5310075	Carlsborg CDP, Washington	762	422	340	124.11764705882354	1	3
1600000US5310215	5310215	Carnation city, Washington	1808	794	1014	78.30374753451676	2	4
1600000US5310320	5310320	Carson CDP, Washington	2688	1323	1365	96.92307692307692	2	5
1600000US5310455	5310455	Cascade Valley CDP, Washington	1797	995	802	124.0648379052369	2	4
1600000US5310495	5310495	Cashmere city, Washington	3140	1509	1631	92.51992642550583	2	5
1600000US5310565	5310565	Castle Rock city, Washington	2899	1361	1538	88.49154746423928	2	5
1600000US5310600	5310600	Cathcart CDP, Washington	2506	1141	1365	83.58974358974359	2	5
1600000US5310635	5310635	Cathlamet town, Washington	775	401	374	107.2192513368984	1	3
1600000US5310645	5310645	Cavalero CDP, Washington	5284	2651	2633	100.68363083934675	3	6
1600000US5311090	5311090	Centerville CDP, Washington	109	59	50	118.0	0	0
1600000US5311160	5311160	Centralia city, Washington	16771	8267	8504	97.21307619943556	4	8
1600000US5311195	5311195	Central Park CDP, Washington	2741	1391	1350	103.03703703703704	2	5
1600000US5311325	5311325	Chain Lake CDP, Washington	4280	2312	1968	117.47967479674797	3	6
1600000US5311475	5311475	Chehalis city, Washington	7337	3748	3589	104.43020339927556	3	7
1600000US5311615	5311615	Chelan city, Washington	4012	2105	1907	110.38280020975353	3	6
1600000US5311685	5311685	Chelan Falls CDP, Washington	86	52	34	152.94117647058823	0	0
1600000US5311825	5311825	Cheney city, Washington	11735	5711	6024	94.80411686586986	4	8
1600000US5312015	5312015	Cherry Grove CDP, Washington	689	318	371	85.71428571428571	1	3
1600000US5312140	5312140	Chewelah city, Washington	2601	1192	1409	84.59900638750887	2	5
1600000US5312175	5312175	Chico CDP, Washington	2635	1369	1266	108.13586097946288	2	5
1600000US5312315	5312315	Chinook CDP, Washington	300	170	130	130.76923076923077	0	1
1600000US5312525	5312525	Clallam Bay CDP, Washington	366	222	144	154.16666666666669	1	2
1600000US5312630	5312630	Clarkston city, Washington	7344	3488	3856	90.45643153526972	3	7
1600000US5312680	5312680	Clarkston Heights-Vineland CDP, Washington	6453	3138	3315	94.66063348416289	3	7
1600000US5312735	5312735	Clayton CDP, Washington	361	105	256	41.015625	0	1
1600000US5312820	5312820	Clear Lake CDP (Pierce County), Washington	889	474	415	114.21686746987952	1	3
1600000US5312840	5312840	Clear Lake CDP (Skagit County), Washington	990	464	526	88.212927756654	1	3
1600000US5312875	5312875	Clearview CDP, Washington	3907	2094	1813	115.49917264202978	3	6
1600000US5312945	5312945	Cle Elum city, Washington	2741	1560	1181	132.09144792548688	2	5
1600000US5313015	5313015	Cliffdell CDP, Washington	80	63	17	370.5882352941177	0	0
1600000US5313155	5313155	Clinton CDP, Washington	811	349	462	75.54112554112554	1	3
1600000US5313215	5313215	Clover Creek CDP, Washington	6831	3208	3623	88.54540436102677	3	7
1600000US5313365	5313365	Clyde Hill city, Washington	3231	1573	1658	94.87334137515079	3	6
1600000US5313595	5313595	Cohassett Beach CDP, Washington	712	277	435	63.678160919540225	1	3
1600000US5313785	5313785	Colfax city, Washington	2853	1466	1387	105.6957462148522	2	5
1600000US5313855	5313855	College Place city, Washington	9041	4354	4687	92.89524215916364	3	7
1600000US5313890	5313890	Colton town, Washington	386	200	186	107.5268817204301	1	2
1600000US5314170	5314170	Colville city, Washington	4697	2090	2607	80.16877637130801	3	6
1600000US5314310	5314310	Conconully town, Washington	220	106	114	92.98245614035088	0	1
1600000US5314380	5314380	Concrete town, Washington	837	418	419	99.76133651551312	1	3
1600000US5314485	5314485	Connell city, Washington	5447	3566	1881	189.5800106326422	3	7
1600000US5314520	5314520	Conway CDP, Washington	11	5	6	83.33333333333334	0	0
1600000US5314660	5314660	Copalis Beach CDP, Washington	559	335	224	149.55357142857142	1	2
1600000US5314870	5314870	Cosmopolis city, Washington	1593	864	729	118.5185185185185	2	4
1600000US5314940	5314940	Cottage Lake CDP, Washington	23941	12157	11784	103.1653088934148	4	9
1600000US5315080	5315080	Coulee City town, Washington	595	309	286	108.04195804195804	1	2
1600000US5315115	5315115	Coulee Dam town, Washington	1386	695	691	100.57887120115774	2	4
1600000US5315150	5315150	Country Homes CDP, Washington	5730	2433	3297	73.7943585077343	3	7
1600000US5315185	5315185	Coupeville town, Washington	1916	851	1065	79.90610328638498	2	4
1600000US5315290	5315290	Covington city, Washington	19918	10315	9603	107.41434968239092	4	8
1600000US5315325	5315325	Cowiche CDP, Washington	960	601	359	167.40947075208913	1	3
1600000US5315710	5315710	Creston town, Washington	297	149	148	100.67567567567568	0	1
1600000US5315780	5315780	Crocker CDP, Washington	1332	703	629	111.76470588235294	2	4
1600000US5316165	5316165	Curlew CDP, Washington	149	70	79	88.60759493670885	0	0
1600000US5316170	5316170	Curlew Lake CDP, Washington	573	281	292	96.23287671232876	1	2
1600000US5316340	5316340	Cusick town, Washington	84	47	37	127.02702702702702	0	0
1600000US5316375	5316375	Custer CDP, Washington	149	52	97	53.608247422680414	0	0
1600000US5316550	5316550	Dallesport CDP, Washington	1739	801	938	85.39445628997868	2	4
1600000US5316585	5316585	Danville CDP, Washington	19	5	14	35.714285714285715	0	0
1600000US5316690	5316690	Darrington town, Washington	1405	718	687	104.51237263464337	2	4
1600000US5316760	5316760	Dash Point CDP, Washington	1007	474	533	88.93058161350844	1	3
1600000US5316795	5316795	Davenport city, Washington	1615	823	792	103.91414141414141	2	4
1600000US5316970	5316970	Dayton city, Washington	2720	1399	1321	105.90461771385313	2	5
1600000US5317215	5317215	Deep River CDP, Washington	151	77	74	104.05405405405406	0	0
1600000US5317320	5317320	Deer Park city, Washington	3941	1767	2174	81.278748850046	3	6
1600000US5317495	5317495	Deming CDP, Washington	240	46	194	23.711340206185564	0	1
1600000US5317617	5317617	Desert Aire CDP, Washington	2872	1291	1581	81.65717900063251	2	5
1600000US5317635	5317635	Des Moines city, Washington	31080	15348	15732	97.55911517925247	4	9
1600000US5317880	5317880	Disautel CDP, Washington	22	9	13	69.23076923076923	0	0
1600000US5318055	5318055	Dixie CDP, Washington	256	114	142	80.28169014084507	0	1
1600000US5318198	5318198	Dollars Corner CDP, Washington	745	297	448	66.29464285714286	1	3
1600000US5318775	5318775	Duluth CDP, Washington	1379	704	675	104.29629629629629	2	4
1600000US5318965	5318965	DuPont city, Washington	9303	4661	4642	100.40930633347696	4	8
1600000US5319035	5319035	Duvall city, Washington	7683	3673	4010	91.59600997506234	3	7
1600000US5319290	5319290	East Cathlamet CDP, Washington	503	251	252	99.60317460317461	1	2
1600000US5319630	5319630	Eastmont CDP, Washington	21951	10958	10993	99.6816155735468	4	9
1600000US5319700	5319700	Easton CDP, Washington	395	153	242	63.22314049586777	1	2
1600000US5319770	5319770	East Port Orchard CDP, Washington	5334	2556	2778	92.0086393088553	3	6
1600000US5319857	5319857	East Renton Highlands CDP, Washington	11401	5976	5425	110.15668202764977	4	8
1600000US5320155	5320155	East Wenatchee city, Washington	13624	6714	6910	97.16353111432706	4	8
1600000US5320260	5320260	Eatonville town, Washington	2900	1435	1465	97.95221843003414	2	5
1600000US5320645	5320645	Edgewood city, Washington	10165	5301	4864	108.984375	4	8
1600000US5320680	5320680	Edison CDP, Washington	156	79	77	102.59740259740259	0	0
1600000US5320750	5320750	Edmonds city, Washington	41309	20107	21202	94.83539288746344	4	9
1600000US5321030	5321030	Electric City city, Washington	989	515	474	108.64978902953585	1	3
1600000US5321205	5321205	Elk Plain CDP, Washington	14280	6967	7313	95.26869957609736	4	8
1600000US5321240	5321240	Ellensburg city, Washington	19307	9368	9939	94.254955226884	4	8
1600000US5321450	5321450	Elma city, Washington	3047	1618	1429	113.2260321903429	2	5
1600000US5321485	5321485	Elmer City town, Washington	342	153	189	80.95238095238095	0	1
1600000US5321730	5321730	Endicott town, Washington	302	179	123	145.52845528455285	0	1
1600000US5321800	5321800	Enetai CDP, Washington	2231	1188	1043	113.90220517737298	2	5
1600000US5322010	5322010	Entiat city, Washington	1093	535	558	95.87813620071685	1	3
1600000US5322045	5322045	Enumclaw city, Washington	11670	5953	5717	104.12803918138884	4	8
1600000US5322080	5322080	Ephrata city, Washington	7956	4099	3857	106.27430645579466	3	7
1600000US5322118	5322118	Erlands Point-Kitsap Lake CDP, Washington	2973	1552	1421	109.2188599577762	2	5
1600000US5322150	5322150	Eschbach CDP, Washington	377	194	183	106.01092896174865	1	2
1600000US5322255	5322255	Esperance CDP, Washington	3902	1766	2136	82.67790262172284	3	6
1600000US5322640	5322640	Everett city, Washington	107560	55404	52156	106.22747143185826	4	9
1600000US5322745	5322745	Everson city, Washington	2592	1272	1320	96.36363636363636	2	5
1600000US5322955	5322955	Fairchild AFB CDP, Washington	2960	1703	1257	135.4813046937152	2	5
1600000US5322990	5322990	Fairfield town, Washington	508	264	244	108.19672131147541	1	2
1600000US5323160	5323160	Fairwood CDP (King County), Washington	19531	9789	9742	100.48244713611167	4	8
1600000US5323165	5323165	Fairwood CDP (Spokane County), Washington	8402	4073	4329	94.0863940863941	3	7
1600000US5323200	5323200	Fall City CDP, Washington	1903	959	944	101.58898305084745	2	4
1600000US5323340	5323340	Farmington town, Washington	108	62	46	134.7826086956522	0	0
1600000US5323515	5323515	Federal Way city, Washington	94905	47136	47769	98.67487282547258	4	9
1600000US5323550	5323550	Felida CDP, Washington	8065	3865	4200	92.02380952380952	3	7
1600000US5323620	5323620	Ferndale city, Washington	13171	5957	7214	82.57554754643748	4	8
1600000US5323690	5323690	Fern Prairie CDP, Washington	2611	1449	1162	124.69879518072288	2	5
1600000US5323795	5323795	Fife city, Washington	9805	4855	4950	98.08080808080808	4	8
1600000US5323830	5323830	Fife Heights CDP, Washington	2185	1182	1003	117.84646061814557	2	5
1600000US5323865	5323865	Finley CDP, Washington	6015	3099	2916	106.27572016460904	3	7
1600000US5323970	5323970	Fircrest city, Washington	6666	3356	3310	101.38972809667675	3	7
1600000US5324188	5324188	Five Corners CDP, Washington	18405	9379	9026	103.91092399734102	4	8
1600000US5324425	5324425	Fobes Hill CDP, Washington	2779	1427	1352	105.5473372781065	2	5
1600000US5324565	5324565	Fords Prairie CDP, Washington	1812	971	841	115.4577883472057	2	4
1600000US5324810	5324810	Forks city, Washington	3748	2048	1700	120.4705882352941	3	6
1600000US5324915	5324915	Fort Lewis CDP, Washington	13920	7862	6058	129.77880488610103	4	8
1600000US5325300	5325300	Four Lakes CDP, Washington	403	161	242	66.52892561983471	1	2
1600000US5325370	5325370	Fox Island CDP, Washington	3848	1832	2016	90.87301587301587	3	6
1600000US5325475	5325475	Frederickson CDP, Washington	21737	10976	10761	101.9979555803364	4	9
1600000US5325510	5325510	Freeland CDP, Washington	1698	869	829	104.82509047044633	2	4
1600000US5325615	5325615	Friday Harbor town, Washington	2419	1019	1400	72.78571428571429	2	5
1600000US5326140	5326140	Garfield town, Washington	505	256	249	102.81124497991966	1	2
1600000US5326245	5326245	Garrett CDP, Washington	1531	717	814	88.08353808353809	2	4
1600000US5326420	5326420	Geneva CDP, Washington	2632	1432	1200	119.33333333333334	2	5
1600000US5326455	5326455	George city, Washington	689	366	323	113.312693498452	1	3
1600000US5326735	5326735	Gig Harbor city, Washington	8651	4197	4454	94.22990570273912	3	7
1600000US5326875	5326875	Glacier CDP, Washington	102	52	50	104.0	0	0
1600000US5326945	5326945	Gleed CDP, Washington	2474	1171	1303	89.8695318495779	2	5
1600000US5327225	5327225	Glenwood CDP, Washington	157	73	84	86.90476190476191	0	0
1600000US5327365	5327365	Gold Bar city, Washington	1853	930	923	100.75839653304442	2	4
1600000US5327435	5327435	Goldendale city, Washington	3433	1784	1649	108.18677986658581	3	6
1600000US5327680	5327680	Gorst CDP, Washington	257	165	92	179.34782608695653	0	1
1600000US5327785	5327785	Graham CDP, Washington	26939	13494	13445	100.36444775009296	4	9
1600000US5327855	5327855	Grand Coulee city, Washington	1024	506	518	97.68339768339769	1	3
1600000US5327890	5327890	Grand Mound CDP, Washington	3119	1524	1595	95.54858934169279	2	5
1600000US5327925	5327925	Grandview city, Washington	11112	5700	5412	105.32150776053216	4	8
1600000US5327960	5327960	Granger city, Washington	3594	1755	1839	95.43230016313214	3	6
1600000US5327995	5327995	Granite Falls city, Washington	3529	1874	1655	113.23262839879153	3	6
1600000US5328135	5328135	Grapeview CDP, Washington	982	616	366	168.30601092896177	1	3
1600000US5328345	5328345	Grayland CDP, Washington	756	334	422	79.14691943127961	1	3
1600000US5328450	5328450	Grays River CDP, Washington	425	195	230	84.78260869565217	1	2
1600000US5328590	5328590	Green Bluff CDP, Washington	544	249	295	84.40677966101696	1	2
1600000US5329255	5329255	Hamilton town, Washington	167	88	79	111.39240506329114	0	0
1600000US5329430	5329430	Hansville CDP, Washington	3809	1600	2209	72.4309642372114	3	6
1600000US5329710	5329710	Harrah town, Washington	659	318	341	93.25513196480938	1	2
1600000US5329745	5329745	Harrington city, Washington	378	211	167	126.34730538922156	1	2
1600000US5329920	5329920	Hartline town, Washington	153	85	68	125.0	0	0
1600000US5330030	5330030	Hat Island CDP, Washington	48	24	24	100.0	0	0
1600000US5330060	5330060	Hatton town, Washington	172	95	77	123.37662337662339	0	0
1600000US5330305	5330305	Hazel Dell CDP, Washington	21449	11040	10409	106.06206167739455	4	9
1600000US5330690	5330690	Herron Island CDP, Washington	69	35	34	102.94117647058823	0	0
1600000US5330750	5330750	High Bridge CDP, Washington	3028	1457	1571	92.74347549331637	2	5
1600000US5331495	5331495	Hobart CDP, Washington	6736	3516	3220	109.19254658385094	3	7
1600000US5331530	5331530	Hockinson CDP, Washington	5267	2693	2574	104.62315462315462	3	6
1600000US5331540	5331540	Hogans Corner CDP, Washington	52	16	36	44.44444444444444	0	0
1600000US5331985	5331985	Home CDP, Washington	1375	597	778	76.73521850899743	2	4
1600000US5332125	5332125	Hoodsport CDP, Washington	331	211	120	175.83333333333334	0	1
1600000US5332300	5332300	Hoquiam city, Washington	8416	4092	4324	94.63459759481961	3	7
1600000US5332650	5332650	Humptulips CDP, Washington	277	152	125	121.6	0	1
1600000US5332755	5332755	Hunts Point town, Washington	423	205	218	94.03669724770643	1	2
1600000US5333000	5333000	Ilwaco city, Washington	1062	489	573	85.34031413612566	1	3
1600000US5333105	5333105	Inchelium CDP, Washington	413	192	221	86.87782805429865	1	2
1600000US5333175	5333175	Index town, Washington	209	111	98	113.26530612244898	0	1
1600000US5333280	5333280	Indianola CDP, Washington	3520	1734	1786	97.08846584546473	3	6
1600000US5333560	5333560	Ione town, Washington	421	206	215	95.81395348837209	1	2
1600000US5333805	5333805	Issaquah city, Washington	35629	16641	18988	87.63956182852328	4	9
1600000US5333890	5333890	Jamestown CDP, Washington	289	94	195	48.205128205128204	0	1
1600000US5334575	5334575	Kahlotus city, Washington	181	89	92	96.73913043478261	0	1
1600000US5334645	5334645	Kalama city, Washington	2497	1234	1263	97.70387965162311	2	5
1600000US5334890	5334890	Kapowsin CDP, Washington	391	166	225	73.77777777777777	1	2
1600000US5334915	5334915	Kayak Point CDP, Washington	1693	780	913	85.43263964950711	2	4
1600000US5334960	5334960	Keller CDP, Washington	228	117	111	105.40540540540539	0	1
1600000US5335065	5335065	Kelso city, Washington	11864	5699	6165	92.441200324412	4	8
1600000US5335135	5335135	Kendall CDP, Washington	37	19	18	105.55555555555556	0	0
1600000US5335170	5335170	Kenmore city, Washington	22154	10891	11263	96.69714996004618	4	9
1600000US5335275	5335275	Kennewick city, Washington	78858	39185	39673	98.76994429460842	4	9
1600000US5335415	5335415	Kent city, Washington	126561	63422	63139	100.44821742504632	4	9
1600000US5335485	5335485	Kettle Falls city, Washington	1661	797	864	92.24537037037037	2	4
1600000US5335555	5335555	Key Center CDP, Washington	3810	2062	1748	117.96338672768879	3	6
1600000US5335625	5335625	Keyport CDP, Washington	457	218	239	91.21338912133892	1	2
1600000US5335870	5335870	Kingston CDP, Washington	1875	942	933	100.96463022508037	2	4
1600000US5335940	5335940	Kirkland city, Washington	86772	42437	44335	95.71895793391226	4	9
1600000US5336045	5336045	Kittitas city, Washington	1362	727	635	114.48818897637796	2	4
1600000US5336115	5336115	Klickitat CDP, Washington	358	214	144	148.61111111111111	0	1
1600000US5336395	5336395	Krupp town, Washington	37	17	20	85.0	0	0
1600000US5336710	5336710	La Center city, Washington	3122	1606	1516	105.93667546174142	2	5
1600000US5336745	5336745	Lacey city, Washington	46655	21656	24999	86.62746509860393	4	9
1600000US5336780	5336780	La Conner town, Washington	789	340	449	75.7238307349666	1	3
1600000US5336850	5336850	LaCrosse town, Washington	319	142	177	80.22598870056498	0	1
1600000US5336920	5336920	La Grande CDP, Washington	118	65	53	122.64150943396226	0	0
1600000US5337077	5337077	Lake Bosworth CDP, Washington	654	391	263	148.66920152091254	1	2
1600000US5337100	5337100	Lake Cassidy CDP, Washington	3591	1956	1635	119.63302752293579	3	6
1600000US5337105	5337105	Lake Cavanaugh CDP, Washington	179	90	89	101.12359550561798	0	1
1600000US5337270	5337270	Lake Forest Park city, Washington	13247	6559	6688	98.07117224880383	4	8
1600000US5337287	5337287	Lake Goodwin CDP, Washington	3879	2091	1788	116.9463087248322	3	6
1600000US5337345	5337345	Lake Holm CDP, Washington	3263	1709	1554	109.97425997425998	3	6
1600000US5337415	5337415	Lake Ketchum CDP, Washington	894	457	437	104.57665903890161	1	3
1600000US5337420	5337420	Lakeland North CDP, Washington	12487	6289	6198	101.46821555340433	4	8
1600000US5337430	5337430	Lakeland South CDP, Washington	13982	7029	6953	101.09305335826262	4	8
1600000US5337526	5337526	Lake McMurray CDP, Washington	134	75	59	127.11864406779661	0	0
1600000US5337538	5337538	Lake Marcel-Stillwater CDP, Washington	1220	656	564	116.31205673758865	1	3
1600000US5337567	5337567	Lake Morton-Berrydale CDP, Washington	11201	5660	5541	102.14762678216928	4	8
1600000US5337672	5337672	Lake Roesiger CDP, Washington	657	310	347	89.33717579250721	1	2
1600000US5337830	5337830	Lake Shore CDP, Washington	7550	3665	3885	94.33719433719435	3	7
1600000US5337900	5337900	Lake Stevens city, Washington	31022	15686	15336	102.28221178925405	4	9
1600000US5337917	5337917	Lake Stickney CDP, Washington	9667	5008	4659	107.49087787078773	4	8
1600000US5337920	5337920	Lake Tapps CDP, Washington	13091	7064	6027	117.20590675294508	4	8
1600000US5337926	5337926	Lakeview CDP, Washington	881	422	459	91.93899782135077	1	3
1600000US5338038	5338038	Lakewood city, Washington	59102	29532	29570	99.871491376395	4	9
1600000US5338215	5338215	Lamont town, Washington	87	44	43	102.32558139534885	0	0
1600000US5338355	5338355	Langley city, Washington	1319	541	778	69.53727506426736	2	4
1600000US5338420	5338420	Larch Way CDP, Washington	4117	1961	2156	90.95547309833024	3	6
1600000US5338495	5338495	Latah town, Washington	142	60	82	73.17073170731707	0	0
1600000US5338845	5338845	Leavenworth city, Washington	1993	966	1027	94.0603700097371	2	4
1600000US5338880	5338880	Lebam CDP, Washington	101	50	51	98.0392156862745	0	0
1600000US5339212	5339212	Lewisville CDP, Washington	1503	751	752	99.86702127659575	2	4
1600000US5339335	5339335	Liberty Lake city, Washington	8905	4280	4625	92.54054054054053	3	7
1600000US5339510	5339510	Lind town, Washington	563	236	327	72.17125382262996	1	2
1600000US5339860	5339860	Lochsloy CDP, Washington	3188	1622	1566	103.57598978288634	2	5
1600000US5339930	5339930	Lofall CDP, Washington	2211	1147	1064	107.80075187969925	2	5
1600000US5340070	5340070	Long Beach city, Washington	1355	664	691	96.09261939218524	2	4
1600000US5340105	5340105	Longbranch CDP, Washington	3236	1603	1633	98.16289038579302	3	6
1600000US5340245	5340245	Longview city, Washington	36740	17807	18933	94.05271219563724	4	9
1600000US5340270	5340270	Longview Heights CDP, Washington	3678	1821	1857	98.06138933764136	3	6
1600000US5340350	5340350	Loomis CDP, Washington	117	76	41	185.3658536585366	0	0
1600000US5340385	5340385	Loon Lake CDP, Washington	784	381	403	94.54094292803971	1	3
1600000US5340570	5340570	Lower Elochoman CDP, Washington	160	78	82	95.1219512195122	0	0
1600000US5340735	5340735	Lyle CDP, Washington	548	218	330	66.06060606060606	1	2
1600000US5340770	5340770	Lyman town, Washington	520	269	251	107.17131474103584	1	2
1600000US5340805	5340805	Lynden city, Washington	13452	6312	7140	88.40336134453781	4	8
1600000US5340840	5340840	Lynnwood city, Washington	37242	18415	18827	97.81165347639029	4	9
1600000US5340980	5340980	Mabton city, Washington	2103	1099	1004	109.4621513944223	2	5
1600000US5341155	5341155	McChord AFB CDP, Washington	3337	1777	1560	113.91025641025641	3	6
1600000US5341225	5341225	McCleary city, Washington	2087	1025	1062	96.51600753295668	2	5
1600000US5341470	5341470	Machias CDP, Washington	886	464	422	109.95260663507109	1	3
1600000US5341645	5341645	McKenna CDP, Washington	978	517	461	112.1475054229935	1	3
1600000US5341785	5341785	McMillin CDP, Washington	1673	812	861	94.3089430894309	2	4
1600000US5342275	5342275	Malden town, Washington	197	93	104	89.42307692307693	0	1
1600000US5342310	5342310	Malo CDP, Washington	72	10	62	16.129032258064516	0	0
1600000US5342345	5342345	Malone CDP, Washington	543	151	392	38.52040816326531	1	2
1600000US5342380	5342380	Malott CDP, Washington	592	374	218	171.55963302752292	1	2
1600000US5342415	5342415	Maltby CDP, Washington	11443	5902	5541	106.51506948204295	4	8
1600000US5342450	5342450	Manchester CDP, Washington	5447	2933	2514	116.66666666666667	3	7
1600000US5342800	5342800	Mansfield town, Washington	327	168	159	105.66037735849056	0	1
1600000US5342835	5342835	Manson CDP, Washington	1532	750	782	95.9079283887468	2	4
1600000US5343010	5343010	Maple Falls CDP, Washington	76	14	62	22.58064516129032	0	0
1600000US5343062	5343062	Maple Heights-Lake Desire CDP, Washington	3442	1815	1627	111.55500921942225	3	6
1600000US5343150	5343150	Maple Valley city, Washington	25375	12494	12881	96.99557487772688	4	9
1600000US5343255	5343255	Maplewood CDP, Washington	5340	2416	2924	82.62653898768811	3	7
1600000US5343395	5343395	Marcus town, Washington	189	91	98	92.85714285714286	0	1
1600000US5343491	5343491	Marietta-Alderwood CDP, Washington	4495	2326	2169	107.23835869064085	3	6
1600000US5343640	5343640	Markham CDP, Washington	238	144	94	153.19148936170214	0	1
1600000US5343762	5343762	Marrowstone CDP, Washington	1084	489	595	82.18487394957982	1	3
1600000US5343815	5343815	Martha Lake CDP, Washington	18566	9157	9409	97.32171325326814	4	8
1600000US5343885	5343885	Maryhill CDP, Washington	73	54	19	284.2105263157895	0	0
1600000US5343955	5343955	Marysville city, Washington	66178	32451	33727	96.21668099742047	4	9
1600000US5344165	5344165	Mattawa city, Washington	4522	2481	2041	121.55805977462029	3	6
1600000US5344260	5344260	May Creek CDP, Washington	663	273	390	70.0	1	2
1600000US5344480	5344480	Mead CDP, Washington	6859	3446	3413	100.96689129797831	3	7
1600000US5344585	5344585	Meadowdale CDP, Washington	3049	1490	1559	95.57408595253366	2	5
1600000US5344620	5344620	Meadow Glade CDP, Washington	2895	1319	1576	83.69289340101524	2	5
1600000US5344690	5344690	Medical Lake city, Washington	4923	2258	2665	84.72795497185741	3	6
1600000US5344725	5344725	Medina city, Washington	3217	1589	1628	97.60442260442261	3	6
1600000US5345005	5345005	Mercer Island city, Washington	24768	11942	12826	93.10774988305005	4	9
1600000US5345180	5345180	Mesa city, Washington	424	232	192	120.83333333333333	1	2
1600000US5345285	5345285	Metaline town, Washington	196	87	109	79.81651376146789	0	1
1600000US5345320	5345320	Metaline Falls town, Washington	180	107	73	146.57534246575344	0	1
1600000US5345355	5345355	Methow CDP, Washington	78	49	29	168.9655172413793	0	0
1600000US5345495	5345495	Midland CDP, Washington	8792	4471	4321	103.47141865308956	3	7
1600000US5345865	5345865	Mill Creek city, Washington	19706	9594	10112	94.87737341772153	4	8
1600000US5345870	5345870	Mill Creek East CDP, Washington	20514	10318	10196	101.19654766575128	4	8
1600000US5345985	5345985	Millwood city, Washington	1684	874	810	107.90123456790124	2	4
1600000US5346020	5346020	Milton city, Washington	7481	3595	3886	92.51158003088008	3	7
1600000US5346090	5346090	Mineral CDP, Washington	193	113	80	141.25	0	1
1600000US5346125	5346125	Minnehaha CDP, Washington	11767	5848	5919	98.80047305288056	4	8
1600000US5346215	5346215	Mirrormont CDP, Washington	3682	1974	1708	115.57377049180329	3	6
1600000US5346685	5346685	Monroe city, Washington	18149	10118	8031	125.98680114556096	4	8
1600000US5346725	5346725	Monroe North CDP, Washington	1704	872	832	104.8076923076923	2	4
1600000US5346895	5346895	Montesano city, Washington	3899	2025	1874	108.05763073639274	3	6
1600000US5347175	5347175	Morton city, Washington	1179	516	663	77.82805429864254	1	3
1600000US5347245	5347245	Moses Lake city, Washington	22038	10254	11784	87.0162932790224	4	9
1600000US5347280	5347280	Moses Lake North CDP, Washington	3787	1934	1853	104.3712898003238	3	6
1600000US5347315	5347315	Mossyrock city, Washington	668	327	341	95.89442815249268	1	2
1600000US5347490	5347490	Mountlake Terrace city, Washington	20922	10110	10812	93.5072142064373	4	9
1600000US5347560	5347560	Mount Vernon city, Washington	33787	16683	17104	97.5385874649205	4	9
1600000US5347630	5347630	Mount Vista CDP, Washington	8525	4174	4351	95.93196966214663	3	7
1600000US5347665	5347665	Moxee city, Washington	3877	2015	1862	108.21697099892589	3	6
1600000US5347735	5347735	Mukilteo city, Washington	21101	10655	10446	102.00076584338503	4	9
1600000US5347805	5347805	Naches town, Washington	710	331	379	87.33509234828496	1	3
1600000US5347980	5347980	Napavine city, Washington	1701	848	853	99.41383352872217	2	4
1600000US5348015	5348015	Naselle CDP, Washington	376	193	183	105.46448087431695	1	2
1600000US5348225	5348225	Navy Yard City CDP, Washington	3154	1583	1571	100.76384468491406	2	5
1600000US5348295	5348295	Neah Bay CDP, Washington	994	513	481	106.65280665280665	1	3
1600000US5348330	5348330	Neilton CDP, Washington	373	208	165	126.06060606060605	1	2
1600000US5348540	5348540	Nespelem town, Washington	185	90	95	94.73684210526315	0	1
1600000US5348550	5348550	Nespelem Community CDP, Washington	259	142	117	121.36752136752136	0	1
1600000US5348645	5348645	Newcastle city, Washington	11346	5656	5690	99.402460456942	4	8
1600000US5348820	5348820	Newport city, Washington	2228	1082	1146	94.4153577661431	2	5
1600000US5349030	5349030	Nile CDP, Washington	98	55	43	127.90697674418605	0	0
1600000US5349193	5349193	Nisqually Indian Community CDP, Washington	690	327	363	90.08264462809917	1	3
1600000US5349275	5349275	Nooksack city, Washington	1667	857	810	105.80246913580247	2	4
1600000US5349415	5349415	Normandy Park city, Washington	6634	3256	3378	96.38839550029603	3	7
1600000US5349485	5349485	North Bend city, Washington	6645	3299	3346	98.59533771667664	3	7
1600000US5349555	5349555	North Bonneville city, Washington	1048	496	552	89.85507246376811	1	3
1600000US5349765	5349765	North Fort Lewis CDP, Washington	5009	3120	1889	165.16675489677078	3	6
1600000US5349940	5349940	North Lynnwood CDP, Washington	20626	9896	10730	92.22739981360671	4	8
1600000US5349992	5349992	North Marysville CDP, Washington	172	89	83	107.2289156626506	0	0
1600000US5350007	5350007	North Omak CDP, Washington	685	326	359	90.80779944289694	1	2
1600000US5350045	5350045	Northport town, Washington	332	164	168	97.61904761904762	0	1
1600000US5350115	5350115	North Puyallup CDP, Washington	1848	973	875	111.20000000000002	2	4
1600000US5350183	5350183	North Sultan CDP, Washington	241	120	121	99.17355371900827	0	1
1600000US5350195	5350195	Northwest Stanwood CDP, Washington	144	62	82	75.60975609756098	0	0
1600000US5350210	5350210	North Yelm CDP, Washington	2887	1522	1365	111.5018315018315	2	5
1600000US5350325	5350325	Oakesdale town, Washington	434	250	184	135.8695652173913	1	2
1600000US5350360	5350360	Oak Harbor city, Washington	22527	11088	11439	96.9315499606609	4	9
1600000US5350430	5350430	Oakville city, Washington	723	371	352	105.39772727272727	1	3
1600000US5350500	5350500	Ocean City CDP, Washington	168	136	32	425.0	0	0
1600000US5350535	5350535	Ocean Park CDP, Washington	1782	846	936	90.38461538461539	2	4
1600000US5350570	5350570	Ocean Shores city, Washington	5714	2776	2938	94.4860449285228	3	7
1600000US5350745	5350745	Odessa town, Washington	907	454	453	100.22075055187638	1	3
1600000US5350920	5350920	Okanogan city, Washington	2572	1332	1240	107.41935483870968	2	5
1600000US5351300	5351300	Olympia city, Washington	49928	23823	26105	91.25837962076231	4	9
1600000US5351340	5351340	Omak city, Washington	4770	2189	2581	84.81208833785354	3	6
1600000US5351410	5351410	Onalaska CDP, Washington	709	402	307	130.94462540716611	1	3
1600000US5351795	5351795	Orchards CDP, Washington	21299	10741	10558	101.73328281871568	4	9
1600000US5351830	5351830	Orient CDP, Washington	132	58	74	78.37837837837837	0	0
1600000US5351970	5351970	Oroville city, Washington	2033	1064	969	109.80392156862746	2	5
1600000US5352005	5352005	Orting city, Washington	7460	3624	3836	94.47340980187695	3	7
1600000US5352110	5352110	Oso CDP, Washington	212	107	105	101.9047619047619	0	1
1600000US5352215	5352215	Othello city, Washington	7797	3885	3912	99.30981595092024	3	7
1600000US5352267	5352267	Otis Orchards-East Farms CDP, Washington	6385	3066	3319	92.3772220548358	3	7
1600000US5352285	5352285	Outlook CDP, Washington	300	136	164	82.92682926829268	0	1
1600000US5352495	5352495	Pacific city, Washington	7113	3425	3688	92.86876355748373	3	7
1600000US5352530	5352530	Pacific Beach CDP, Washington	538	235	303	77.55775577557755	1	2
1600000US5352600	5352600	Packwood CDP, Washington	230	147	83	177.10843373493975	0	1
1600000US5352950	5352950	Palouse city, Washington	987	502	485	103.50515463917527	1	3
1600000US5353265	5353265	Parker CDP, Washington	60	35	25	140.0	0	0
1600000US5353335	5353335	Parkland CDP, Washington	37019	17874	19145	93.36119091146513	4	9
1600000US5353440	5353440	Parkwood CDP, Washington	6559	3274	3285	99.66514459665144	3	7
1600000US5353545	5353545	Pasco city, Washington	70607	36311	34296	105.8753207371122	4	9
1600000US5353720	5353720	Pateros city, Washington	749	406	343	118.36734693877551	1	3
1600000US5353800	5353800	Peaceful Valley CDP, Washington	4196	2308	1888	122.2457627118644	3	6
1600000US5353930	5353930	Pe Ell town, Washington	620	321	299	107.35785953177258	1	2
1600000US5354213	5354213	Picnic Point CDP, Washington	9002	4486	4516	99.33569530558016	3	7
1600000US5354405	5354405	Pine Grove CDP, Washington	111	69	42	164.28571428571428	0	0
1600000US5355015	5355015	Point Roberts CDP, Washington	1251	597	654	91.28440366972477	2	4
1600000US5355120	5355120	Pomeroy city, Washington	1303	611	692	88.29479768786128	2	4
1600000US5355365	5355365	Port Angeles city, Washington	19419	9478	9941	95.3425208731516	4	8
1600000US5355400	5355400	Port Angeles East CDP, Washington	3627	1921	1706	112.60257913247362	3	6
1600000US5355540	5355540	Porter CDP, Washington	222	125	97	128.8659793814433	0	1
1600000US5355612	5355612	Port Gamble Tribal Community CDP, Washington	920	439	481	91.26819126819127	1	3
1600000US5355620	5355620	Port Hadlock-Irondale CDP, Washington	3765	1962	1803	108.81863560732113	3	6
1600000US5355645	5355645	Port Ludlow CDP, Washington	2642	1273	1369	92.98758217677137	2	5
1600000US5355785	5355785	Port Orchard city, Washington	13476	6573	6903	95.21946979574099	4	8
1600000US5355855	5355855	Port Townsend city, Washington	9315	4256	5059	84.1272978849575	4	8
1600000US5355995	5355995	Poulsbo city, Washington	10005	4384	5621	77.99323963707525	4	8
1600000US5356150	5356150	Prairie Heights CDP, Washington	4610	2149	2461	87.32222673709875	3	6
1600000US5356170	5356170	Prairie Ridge CDP, Washington	12733	6268	6465	96.95282289249806	4	8
1600000US5356240	5356240	Prescott city, Washington	345	204	141	144.6808510638298	0	1
1600000US5356450	5356450	Prosser city, Washington	5967	2894	3073	94.1750732183534	3	7
1600000US5356555	5356555	Puget Island CDP, Washington	899	389	510	76.27450980392156	1	3
1600000US5356625	5356625	Pullman city, Washington	32382	16349	16033	101.97093494667249	4	9
1600000US5356660	5356660	Purdy CDP, Washington	1087	504	583	86.44939965694682	1	3
1600000US5356695	5356695	Puyallup city, Washington	39637	19963	19674	101.46894378367388	4	9
1600000US5356905	5356905	Queets CDP, Washington	199	98	101	97.02970297029702	0	1
1600000US5356975	5356975	Quilcene CDP, Washington	432	213	219	97.26027397260275	1	2
1600000US5357030	5357030	Qui-nai-elt Village CDP, Washington	79	44	35	125.71428571428571	0	0
1600000US5357115	5357115	Quincy city, Washington	7333	3562	3771	94.45770352691594	3	7
1600000US5357140	5357140	Raft Island CDP, Washington	341	150	191	78.53403141361257	0	1
1600000US5357220	5357220	Rainier city, Washington	2345	1179	1166	101.11492281303602	2	5
1600000US5357395	5357395	Ravensdale CDP, Washington	1579	753	826	91.16222760290556	2	4
1600000US5357430	5357430	Raymond city, Washington	2847	1263	1584	79.73484848484848	2	5
1600000US5357465	5357465	Reardan town, Washington	607	295	312	94.55128205128204	1	2
1600000US5357535	5357535	Redmond city, Washington	60712	31046	29666	104.65178992786355	4	9
1600000US5357745	5357745	Renton city, Washington	99692	50299	49393	101.83426801368616	4	9
1600000US5357850	5357850	Republic city, Washington	1103	499	604	82.6158940397351	1	3
1600000US5358235	5358235	Richland city, Washington	53991	26919	27072	99.43484042553192	4	9
1600000US5358410	5358410	Ridgefield city, Washington	6637	3011	3626	83.03916161059018	3	7
1600000US5358725	5358725	Ritzville city, Washington	1531	730	801	91.13607990012484	2	4
1600000US5358742	5358742	Riverbend CDP, Washington	2241	1126	1115	100.98654708520178	2	5
1600000US5358777	5358777	River Road CDP, Washington	952	477	475	100.42105263157895	1	3
1600000US5358795	5358795	Riverside town, Washington	383	179	204	87.74509803921569	1	2
1600000US5359110	5359110	Rochester CDP, Washington	2923	1574	1349	116.67902149740547	2	5
1600000US5359145	5359145	Rockford town, Washington	390	222	168	132.14285714285714	1	2
1600000US5359180	5359180	Rock Island city, Washington	1302	696	606	114.85148514851484	2	4
1600000US5359250	5359250	Rockport CDP, Washington	76	27	49	55.10204081632652	0	0
1600000US5359390	5359390	Rocky Point CDP, Washington	1449	704	745	94.49664429530202	2	4
1600000US5359635	5359635	Ronald CDP, Washington	284	155	129	120.15503875968992	0	1
1600000US5359705	5359705	Roosevelt CDP, Washington	107	77	30	256.6666666666667	0	0
1600000US5359775	5359775	Rosalia town, Washington	592	304	288	105.55555555555556	1	2
1600000US5359845	5359845	Rosburg CDP, Washington	385	143	242	59.09090909090909	1	2
1600000US5359880	5359880	Rosedale CDP, Washington	4459	1659	2800	59.25	3	6
1600000US5360055	5360055	Roslyn city, Washington	664	325	339	95.87020648967551	1	2
1600000US5360160	5360160	Roy city, Washington	707	326	381	85.56430446194226	1	3
1600000US5360230	5360230	Royal City city, Washington	1587	825	762	108.26771653543308	2	4
1600000US5360510	5360510	Ruston town, Washington	1007	466	541	86.13678373382625	1	3
1600000US5360580	5360580	Ryderwood CDP, Washington	332	155	177	87.57062146892656	0	1
1600000US5360860	5360860	St. John town, Washington	547	245	302	81.12582781456953	1	2
1600000US5361000	5361000	Salmon Creek CDP, Washington	21068	10442	10626	98.26839826839827	4	9
1600000US5361115	5361115	Sammamish city, Washington	62877	30940	31937	96.87822901337007	4	9
1600000US5361235	5361235	Santiago CDP, Washington	26	9	17	52.94117647058824	0	0
1600000US5361350	5361350	Satsop CDP, Washington	572	249	323	77.08978328173374	1	2
1600000US5362120	5362120	Seabeck CDP, Washington	1141	565	576	98.09027777777779	1	3
1600000US5362288	5362288	SeaTac city, Washington	28597	15277	13320	114.6921921921922	4	9
1600000US5363000	5363000	Seattle city, Washington	688245	345628	342617	100.87882387622331	4	9
1600000US5363210	5363210	Sedro-Woolley city, Washington	11360	5765	5595	103.03842716711348	4	8
1600000US5363245	5363245	Sekiu CDP, Washington	50	17	33	51.515151515151516	0	0
1600000US5363280	5363280	Selah city, Washington	7652	3590	4062	88.38010832102412	3	7
1600000US5363385	5363385	Sequim city, Washington	6819	2918	3901	74.80133299154062	3	7
1600000US5363545	5363545	Shadow Lake CDP, Washington	2655	1389	1266	109.71563981042654	2	5
1600000US5363735	5363735	Shelton city, Washington	9882	5158	4724	109.18712955122778	4	8
1600000US5363960	5363960	Shoreline city, Washington	55431	26645	28786	92.56235670117418	4	9
1600000US5364365	5364365	Silverdale CDP, Washington	20664	10735	9929	108.11763520999094	4	8
1600000US5364380	5364380	Silver Firs CDP, Washington	22937	11515	11422	100.81421817545089	4	9
1600000US5364610	5364610	Sisco Heights CDP, Washington	2810	1479	1331	111.11945905334335	2	5
1600000US5364755	5364755	Skamokawa Valley CDP, Washington	300	176	124	141.93548387096774	0	1
1600000US5364775	5364775	Skokomish CDP, Washington	755	389	366	106.28415300546447	1	3
1600000US5364855	5364855	Skykomish town, Washington	101	56	45	124.44444444444444	0	0
1600000US5365170	5365170	Snohomish city, Washington	9713	4369	5344	81.75523952095809	4	8
1600000US5365205	5365205	Snoqualmie city, Washington	12944	6398	6546	97.73907729911396	4	8
1600000US5365275	5365275	Snoqualmie Pass CDP, Washington	235	157	78	201.28205128205127	0	1
1600000US5365345	5365345	Soap Lake city, Washington	1539	798	741	107.6923076923077	2	4
1600000US5365625	5365625	South Bend city, Washington	1500	741	759	97.62845849802372	2	4
1600000US5365765	5365765	South Cle Elum town, Washington	547	269	278	96.76258992805755	1	2
1600000US5365810	5365810	South Creek CDP, Washington	2500	1346	1154	116.6377816291161	2	5
1600000US5365922	5365922	South Hill CDP, Washington	56379	27242	29137	93.49624189175275	4	9
1600000US5366045	5366045	South Prairie town, Washington	271	127	144	88.19444444444444	0	1
1600000US5366185	5366185	South Wenatchee CDP, Washington	2057	1297	760	170.6578947368421	2	5
1600000US5366220	5366220	Southworth CDP, Washington	2280	1112	1168	95.2054794520548	2	5
1600000US5366255	5366255	Spanaway CDP, Washington	30528	15091	15437	97.75863185852174	4	9
1600000US5366290	5366290	Spangle city, Washington	200	93	107	86.91588785046729	0	1
1600000US5367000	5367000	Spokane city, Washington	212982	103755	109227	94.99024966354472	4	9
1600000US5367167	5367167	Spokane Valley city, Washington	94424	48084	46340	103.76348726801898	4	9
1600000US5367175	5367175	Sprague city, Washington	419	212	207	102.41545893719808	1	2
1600000US5367210	5367210	Springdale town, Washington	377	205	172	119.1860465116279	1	2
1600000US5367435	5367435	Stansberry Lake CDP, Washington	2747	1415	1332	106.23123123123123	2	5
1600000US5367455	5367455	Stanwood city, Washington	6825	3270	3555	91.9831223628692	3	7
1600000US5367490	5367490	Starbuck town, Washington	114	71	43	165.11627906976744	0	0
1600000US5367595	5367595	Startup CDP, Washington	683	437	246	177.6422764227642	1	2
1600000US5367770	5367770	Steilacoom town, Washington	6199	3071	3128	98.1777493606138	3	7
1600000US5367805	5367805	Steptoe CDP, Washington	183	92	91	101.0989010989011	0	1
1600000US5367875	5367875	Stevenson city, Washington	1448	735	713	103.08555399719495	2	4
1600000US5368200	5368200	Sudden Valley CDP, Washington	7621	3931	3690	106.53116531165313	3	7
1600000US5368260	5368260	Sultan city, Washington	4953	2668	2285	116.76148796498906	3	6
1600000US5368330	5368330	Sumas city, Washington	1692	878	814	107.86240786240786	2	4
1600000US5368365	5368365	Summit CDP, Washington	7876	3835	4041	94.90225191784212	3	7
1600000US5368410	5368410	Summit View CDP, Washington	7421	3828	3593	106.54049540773727	3	7
1600000US5368417	5368417	Summitview CDP, Washington	1182	568	614	92.50814332247556	1	3
1600000US5368435	5368435	Sumner city, Washington	9789	4655	5134	90.67004285157772	4	8
1600000US5368480	5368480	Sunday Lake CDP, Washington	666	309	357	86.5546218487395	1	2
1600000US5368750	5368750	Sunnyside city, Washington	16248	8311	7937	104.71210784931336	4	8
1600000US5368785	5368785	Sunnyslope CDP, Washington	3641	1897	1744	108.7729357798165	3	6
1600000US5369170	5369170	Suquamish CDP, Washington	4108	2040	2068	98.64603481624758	3	6
1600000US5369280	5369280	Swede Heaven CDP, Washington	1030	534	496	107.66129032258065	1	3
1600000US5370000	5370000	Tacoma city, Washington	207280	103019	104261	98.80875878804154	4	9
1600000US5370175	5370175	Taholah CDP, Washington	714	391	323	121.05263157894737	1	3
1600000US5370245	5370245	Tampico CDP, Washington	465	234	231	101.29870129870129	1	2
1600000US5370280	5370280	Tanglewilde CDP, Washington	6205	3328	2877	115.67605144247479	3	7
1600000US5370315	5370315	Tanner CDP, Washington	905	487	418	116.50717703349282	1	3
1600000US5370560	5370560	Tekoa city, Washington	897	482	415	116.14457831325302	1	3
1600000US5370630	5370630	Tenino city, Washington	1557	667	890	74.9438202247191	2	4
1600000US5370805	5370805	Terrace Heights CDP, Washington	7849	4066	3783	107.48083531588686	3	7
1600000US5371225	5371225	Thorp CDP, Washington	297	154	143	107.6923076923077	0	1
1600000US5371330	5371330	Three Lakes CDP, Washington	3390	1799	1591	113.07353865493401	3	6
1600000US5371400	5371400	Tieton city, Washington	1471	685	786	87.1501272264631	2	4
1600000US5371680	5371680	Tokeland CDP, Washington	330	145	185	78.37837837837837	0	1
1600000US5371785	5371785	Toledo city, Washington	581	293	288	101.73611111111111	1	2
1600000US5371890	5371890	Tonasket city, Washington	928	384	544	70.58823529411765	1	3
1600000US5371960	5371960	Toppenish city, Washington	8923	4600	4323	106.40758732361786	3	7
1600000US5371995	5371995	Torboy CDP, Washington	48	25	23	108.69565217391303	0	0
1600000US5372030	5372030	Touchet CDP, Washington	437	222	215	103.25581395348837	1	2
1600000US5372170	5372170	Town and Country CDP, Washington	5001	2497	2504	99.72044728434504	3	6
1600000US5372205	5372205	Tracyton CDP, Washington	5937	2876	3061	93.9562234563868	3	7
1600000US5372450	5372450	Trout Lake CDP, Washington	654	298	356	83.70786516853933	1	2
1600000US5372625	5372625	Tukwila city, Washington	20025	10290	9735	105.70107858243452	4	8
1600000US5372905	5372905	Tumwater city, Washington	22005	10522	11483	91.63110685360968	4	9
1600000US5373065	5373065	Twin Lakes CDP, Washington	100	63	37	170.27027027027026	0	0
1600000US5373080	5373080	Twisp town, Washington	1129	561	568	98.76760563380282	1	3
1600000US5373255	5373255	Union CDP, Washington	272	143	129	110.85271317829456	0	1
1600000US5373290	5373290	Union Gap city, Washington	6152	3100	3052	101.5727391874181	3	7
1600000US5373307	5373307	Union Hill-Novelty Hill CDP, Washington	22109	10885	11224	96.97968638631504	4	9
1600000US5373360	5373360	Uniontown town, Washington	340	194	146	132.87671232876713	0	1
1600000US5373465	5373465	University Place city, Washington	32528	15782	16746	94.24340140929178	4	9
1600000US5373580	5373580	Upper Elochoman CDP, Washington	70	58	12	483.3333333333333	0	0
1600000US5373780	5373780	Vader city, Washington	709	345	364	94.78021978021978	1	3
1600000US5373885	5373885	Valley CDP, Washington	171	41	130	31.538461538461537	0	0
1600000US5374060	5374060	Vancouver city, Washington	171393	82825	88568	93.5157167374221	4	9
1600000US5374200	5374200	Vantage CDP, Washington	18	9	9	100.0	0	0
1600000US5374305	5374305	Vashon CDP, Washington	9635	4591	5044	91.01903251387787	4	8
1600000US5374445	5374445	Vaughn CDP, Washington	342	190	152	125.0	0	1
1600000US5374585	5374585	Venersborg CDP, Washington	4196	2144	2052	104.48343079922027	3	6
1600000US5374760	5374760	Verlot CDP, Washington	457	214	243	88.06584362139918	1	2
1600000US5375565	5375565	Waitsburg city, Washington	1186	610	576	105.90277777777777	1	3
1600000US5375775	5375775	Walla Walla city, Washington	32585	16759	15826	105.89536206242892	4	9
1600000US5375810	5375810	Walla Walla East CDP, Washington	1877	932	945	98.62433862433862	2	4
1600000US5375905	5375905	Waller CDP, Washington	8064	4047	4017	100.74682598954443	3	7
1600000US5375985	5375985	Wallula CDP, Washington	329	173	156	110.8974358974359	0	1
1600000US5376055	5376055	Walnut Grove CDP, Washington	9907	5135	4772	107.60687342833192	4	8
1600000US5376125	5376125	Wapato city, Washington	5049	2651	2398	110.55045871559632	3	6
1600000US5376160	5376160	Warden city, Washington	2740	1293	1447	89.35729094678645	2	5
1600000US5376195	5376195	Warm Beach CDP, Washington	2495	1226	1269	96.61150512214341	2	5
1600000US5376405	5376405	Washougal city, Washington	15241	7625	7616	100.11817226890756	4	8
1600000US5376440	5376440	Washtucna town, Washington	333	168	165	101.81818181818181	0	1
1600000US5376510	5376510	Waterville town, Washington	1696	819	877	93.38654503990878	2	4
1600000US5376615	5376615	Wauna CDP, Washington	4412	2340	2072	112.93436293436294	3	6
1600000US5376720	5376720	Waverly town, Washington	73	39	34	114.70588235294117	0	0
1600000US5377105	5377105	Wenatchee city, Washington	33544	15967	17577	90.84030266825965	4	9
1600000US5377297	5377297	West Clarkston-Highland CDP, Washington	5895	2722	3173	85.7863220926568	3	7
1600000US5377612	5377612	West Pasco CDP, Washington	1233	543	690	78.69565217391305	2	4
1600000US5377630	5377630	Westport city, Washington	2057	1138	919	123.83025027203483	2	5
1600000US5377665	5377665	West Richland city, Washington	13797	7034	6763	104.00709744196364	4	8
1600000US5377745	5377745	West Side Highway CDP, Washington	5902	2679	3223	83.12131554452374	3	7
1600000US5378155	5378155	Whidbey Island Station CDP, Washington	1938	1348	590	228.47457627118644	2	4
1600000US5378225	5378225	White Center CDP, Washington	15300	7641	7659	99.76498237367802	4	8
1600000US5378330	5378330	White Salmon city, Washington	2453	1245	1208	103.06291390728477	2	5
1600000US5378365	5378365	White Swan CDP, Washington	973	436	537	81.19180633147114	1	3
1600000US5378680	5378680	Wilbur town, Washington	757	405	352	115.05681818181819	1	3
1600000US5378780	5378780	Wilderness Rim CDP, Washington	1443	794	649	122.34206471494606	2	4
1600000US5378925	5378925	Wilkeson town, Washington	447	245	202	121.28712871287128	1	2
1600000US5378995	5378995	Willapa CDP, Washington	204	92	112	82.14285714285714	0	1
1600000US5379135	5379135	Wilson Creek town, Washington	256	122	134	91.04477611940298	0	1
1600000US5379275	5379275	Winlock city, Washington	1582	856	726	117.90633608815426	2	4
1600000US5379380	5379380	Winthrop town, Washington	411	202	209	96.65071770334929	1	2
1600000US5379485	5379485	Wishram CDP, Washington	438	230	208	110.57692307692308	1	2
1600000US5379555	5379555	Wollochet CDP, Washington	6291	2885	3406	84.70346447445684	3	7
1600000US5379590	5379590	Woodinville city, Washington	11675	5676	5999	94.61576929488248	4	8
1600000US5379625	5379625	Woodland city, Washington	5765	2723	3042	89.51347797501643	3	7
1600000US5379825	5379825	Woods Creek CDP, Washington	5826	2739	3087	88.72691933916424	3	7
1600000US5379835	5379835	Woodway city, Washington	1289	626	663	94.41930618401206	2	4
1600000US5379975	5379975	Yacolt town, Washington	1564	789	775	101.80645161290323	2	4
1600000US5380010	5380010	Yakima city, Washington	93182	45942	47240	97.25232853513971	4	9
1600000US5380150	5380150	Yarrow Point town, Washington	1184	603	581	103.78657487091223	1	3
1600000US5380220	5380220	Yelm city, Washington	8425	4166	4259	97.81638882366754	3	7
1600000US5380500	5380500	Zillah city, Washington	3099	1589	1510	105.2317880794702	2	5
